referencia;Btca UA;Otras Btcas ;Disponible on line URL;Artículo Científico ;Observaciones;Proveedor ;Valor pesos;
Allard, Raúl (2023). Relaciones Internacionales. Lecciones y Nociones. Valparaíso, Ediciones Universitarias de Valparaíso.;;;;;;;;
Del Arenal, Celestino (2007). Introducción a las Relaciones Internacionales. Cuarta edición. Tecnos, Madrid.;;;;;;;;
Deutsch, Karl (1993). Política y Gobierno. FCE, México.;;;;;;;;
"Dunne, T; Kurki, M; Smith, S. (2013). International Relations Theories, Discipline and Diversity. Oxford University Press, Oxford.";;;;;;;;
Kant, Immanuel (2014). Por la Paz Perpetua y ¿Cómo orientarse en su pensamiento? Barcelona, Edición Brontes.;;;;;;;;
Malchow, Howard Le Roy (2016). History and International Relations, London, Bloomsbury.;;;;;;;;
O´Neil, Patrick (2015). Essentials of Comparative Politics. Fifth edition, New York, Norton.;;;;;;;;
Rousseau, Jean Jacques (2011). The Basic Political Writings, Second Edition. Indianapolis, Hackett.;;;;;;;;
Todorov, Tzvetan (2017). El espíritu de la Ilustración. Barcelona, Galaxia Gutemberg.;;;;;;;;
Vallés, Josep (2000). Ciencia Política. Una Introducción. Ariel, Barcelona.;;;;;;;;
ACADE (2018). Conversatorio Carta Democrática Interamericana, Revista Diplomacia N°139, Santiago.;;;;;;;;
"Achen, Cristopher; Bartels, Larry (2016). Democracy for realists, Why Elections do not Produce Responsive Governments. Princeton University Press, Princeton, USA.";;;;;;;;
Aristóteles (trad. 2004).  Política. CEPC, Madrid. ;;;;;;;;
"Beresnkoeter, Felix; Williams, M.J. (2007). Power in World Politics. Routledge, New York.";;;;;;;;
Bobbio, Norberto (1993). El futuro de la Democracia. FCE, Buenos Aires.;;;;;;;;
"Burchill, Scott; Linklater, Andrew (2005). Theories of International Relations. Third Edition, Palgrave Macmillan, New York.";;;;;;;;
"Carrothers, Thomas; O’Donohue, Andrew (2019). Democracies Divided. The global challenge of political globalization. Brookings, Washington.";;;;;;;;
Cortina, Adela (2023). ¿Eclipse de la razón comunicativa? Un reto radical para la democracia y ética empresarial. Cuaderno del Foro Valparaíso N°XXV.;;;;;;;;
Dodds, Klaus (2007). Geopolitics, A very Short Introduction. Oxford University Press, Oxford.;;;;;;;;
"Dougherty, James; Pfaltzgraff, Robert (1981). Contending Theories of International Relations, Second Edition. Harper & Row, New York. ";;;;;;;;
Gautier-Vignal, Louis (1993). Maquiavelo. FCE, México.;;;;;;;;
Gulick, Edward Vose (1967). Europe`s Classical Balance of power. Norton, New York.;;;;;;;;
Hobbes, Thomas (trad. 2006). Leviathan. Fondo Cultura Económica, México. ;;;;;;;;
"Jervis, Robert; Art, Robert (2015). International Politics, enduring concepts and contemporary issues, twelfth edition, Pearson, Boston.";;;;;;;;
Kozlowski, T.A. (1968). Nuevos potenciales en la política mundial. Pleamar, Buenos Aires.;;;;;;;;
Maquiavelo Nicolás (2000). El Príncipe. Austral, Madrid.;;;;;;;;
"Nye, Joseph; Welch, David (2017). Understanding global conflict and cooperation. Pearson, Boston.";;;;;;;;
Nussbaum, Martha (2010). Sin fines de lucro. Por qué la democracia necesita de las humanidades. Katz, Buenos Aires.;;;;;;;;
O’Neil, Patrick (2015). Essentials of Comparative Politics. Norton, New York.;;;;;;;;
O'Toole, Patricia (2018). The Moralist. Woodrow Wilson and the World he Made. Simon and Schuster, New York.;;;;;;;;
Oro Tapia, Luis (2003). ¿Qué es la Política? RIL, Santiago.;;;;;;;;
Ranney, Austin (2001). Governing: An Introduction to Political Science. Prentice Hall, USA.;;;;;;;;
"Reus-Smit, Christian; Snidal, Duncan (2010). The Oxford Handbook of International Relations. Oxford University Press, Oxford. ";;;;;;;;
Rodrik, Dani (2011). The globalization paradox. Democracy and the future of World Economy. Norton, New York, London. ;;;;;;;;
Rosanvallon, Pierre (2009). La legitimidad democrática. Imparcialidad, reflexividad y proximidad. Manantial, Buenos Aires.;;;;;;;;
Rosenau, James (2006). The Study of World Politics, Theoretical and methodological challenges. Vol. 1. Routledge, New York.;;;;;;;;
Russell, Bertrand (2017). El Poder, nuevo análisis social. RBA, Colombia.;;;;;;;;
Sartori, Giovanni (2009). La democracia en 30 lecciones. Taurus, Buenos Aires.;;;;;;;;
Todorov, Tzvetan (2016). Los enemigos íntimos de la democracia. Galaxia Gutemberg, Barcelona.;;;;;;;;
Tomassini, Luciano (1989). Teoría y Práctica de la Política Internacional. Ediciones Universidad Católica de Chile,;;;;;;;;
Santiago.Wilhelmy, Manfred (1987). Política Internacional. Enfoques y realidades. GEL, Buenos Aires.;;;;;;;;
Tomassini, Luciano (1989). Teoría y Práctica de la Política Internacional. Ediciones Universidad Católica de Chile,;;;;;;;;
 Ortiz, E. (2000). Estudio de relaciones Internacionales. FCE, Chile.;;;;;;;;
Carlsnaes, W. Risse, T. Simmnons B. (eds) : Handbook of International  Relations;;;;;;;;
Aron, Raymond. (1988). Paz y Guerra entre las naciones, Editorial Alianza, Madrid.;;;;;;;;
Mingst Karen. (2007). Fundamentos de las Relaciones Internacionales Pearson &  Rochester, Ed. CIDE. México. ;;;;;;;;
Bello, Daniel   (ed). (2013). Manual de Relaciones internacionales: herramientas para la comprensión de la disciplina, RIL, Santiago.;;;;;;;;
Griffiths, Martin (ed). (2007). International Relations Theory For the Twenty-First Century An introduction,  Routledge, New York, (versión disponible en Internet);;;;;;;;
Attina Fulvio. (2001). El sistema Político Global: Introducción a las Relaciones Internacionales, Paidos, Barcelona.;;;;;;;;
Pereira, J. Carlos (coordinador). (2009). Historia de las Relaciones Internacionales . Ariel.;;;;;;;;
Glickman Harvey. (2010).-Neo-Realism: A Note on Contemporary International Relations Theory and Foreign Policy Today . Journal of Academic Perspectives .(PDF);;;;;;;;
Skött Jakob : The Formation of Global Hegemony Upsala University Paper 2009 (PDF) ;;;;;;;;
Hopf, Ted. (1988). The Promise of Constructivism in International Relations Reviewed work(s): Source: International Security, Vol. 23, No. 1 (Summer, 1998), pp. 171-200 (PDF);;;;;;;;
Fred Chernoff The Power of International Theory Reforging the link to foreign policy-making through scientific enquiry (Routledge  , 2005) (PDF);;;;;;;;
Kennedy , Paul. (1996). Auge y Caída de las grandes potencias: Cambio Económico y Conflicto Militar, de 1500 al 1990. ;;;;;;;;
Kissinger, Henry. (2016). El Orden Mundial: reflexiones sobre el carácter de las naciones y el curso de la historia. Penguin Random House. España.;;;;;;;;
Kissinger, H. (1976). La Diplomacia. ;;;;;;;;
Tilly, Charles. (2000). Las Revoluciones Europeas, 1492-1992;;;;;;;;
Wallernstein, Immanuel. El Moderno Sistema Mundial  Vol 1 , Siglo XXI ;;;;;;;;
Kissinger, H  : Un Mundo Restaurado ;;;;;;;;
Cassels , Alan. (1999). Ideology and International Relations in the Modern World (The New International History). Routledge;;;;;;;;
Esdaile, Charles. (2007). Las Guerras de Napoleón. Una Historia Internacional .Crítica, Barcelona.;;;;;;;;
Ferguson, Niall. (2010). Civilización, Occidente y el Resto  , Crítica, Barcelona.;;;;;;;;
Pereira, J. Carlos (coordinador). (2009). Historia de las Relaciones Internacionales . Ariel.;;;;;;;;
Hobsbawn, E..J. (2011). La era de la Revolución: 1789 - 1848. Critica, España.;;;;;;;;
Kissinger, H. (2001).  La Diplomacia. Fondo de Cultura Económica;;;;;;;;
Marc Nouschi. (1999). Historia del Siglo XX.  Cátedra ;;;;;;;;
Renouvin, P : La Crisis Europea y la I Guerra Mundial.;;;;;;;;
Marc Ferro. (1984). La Gran Guerra. Alianza;;;;;;;;
Clark , Christopher. (2015). Sonámbulos . Como Europa Fue a la Guerra en 1914. Galaxia Gutenberg;;;;;;;;
Bulmer, V & Dunkerley J (eds) The United Status and Latin America .The New Agenda .;;;;;;;;
Hacke, C . Zur Weltmacht verdammt Die amerikanische Aussenpolitik. ;;;;;;;;
Stevenson, David. (2014). 1914-1918  Historia de la Primera Guerra Mundial. Debate.;;;;;;;;
Niedhart, Gottfried. (1976). Kriegsbeginn 1939:  Entfesselung oder Ausbruch d. 2. Weltkriegs? Wissenschaftliche Buchgesellschaft. Darmstadt;;;;;;;;
Niall Fergusson (2007). La Guerra del Mundo: Los conflictos del siglo XX y el declive de Occidente. 1904-1953. Debate. Barcelona;;;;;;;;
Cassels , Alan  : Ideology and International Relations in the Modern World (The New International History). Routledge;;;;;;;;
"Funke , M. (1977). Hitler , Deutschland und die Mächte. Materialien zur Aussenpolitik d. Dritten Reiches (Bonner Schriften zur Politik und Zeitgeschichte) (German Edition). Droste; Nachdruck";;;;;;;;
Hillgruber, Andreas. (1995). La II Guerra Mundial .Objetivos de guerras y Estrategia de las Grandes Potencias. Alianza, Madrid;;;;;;;;
Nolte  Ernst. (1994). La guerra Civil Europea 1917-1945: nacionalsocialismo y bolchevismo. Fondo de Cultura económica.;;;;;;;;
Kissinger, H. (1976). La Diplomacia. ;;;;;;;;
Kissinger H. (2012). China. Debate;;;;;;;;
Rotschild Joseph. (2007). Return to Diversity. A Political History of East Central Europe Since World War II. Oxford University Press.;;;;;;;;
Schröeder, Hans Jürgen. (1976). Zur Genesis des Kalten Kriegues. Neue Politische Literatur. 21, 488-506. http://dx.doi.org/10.22029/jlupub-16209;;;;;;;;
Judt , Tony. (2008). Sobre el Olvidado Siglo XX. Taurus;;;;;;;;
Judt, T. (2006).  Postguerra. Una historia de Europa desde 1945. Cuernavaca, Santillana Ediciones Generales S.A.;;;;;;;;
Freedman, Lawrence. (2016). Estrategia. Una Historia. La Esfera. ;;;;;;;;
Ortiz, Eduardo. (2013). El estudio de las relaciones internacionales, Fondo de Cultura económica.;;;;;;;;
Tomassini , Luciano. (1988). Teoría y Práctica de las  Relaciones Internacionales ediciones PNUD-CEPAL, Santiago, Chile.;;;;;;;;
Aron, Raymond. (1988). Paz y Guerra entre las naciones, Editorial Alianza, Madrid.;;;;;;;;
Salmon, Trevor and Imber, Mark (eds). (2000). Issues in International Relations, Routledge, New York. ;;;;;;;;
Griffiths, Martin (ed). (2007). International Relations Theory For the Twenty-First Century An introduction,  Routledge, New York (versión disponible en Internet);;;;;;;;
Jönsson, Christer Hall Martin (eds). (2005). Essence of Diplomacy Palgrave Mac, Millan New York (versión disponible en Internet);;;;;;;;
Mingst Karen. (2007). Fundamentos de las Relaciones Internacionales Pearson &  Rochester, Ed. CIDE. México. ;;;;;;;;
Bello, Daniel    (ed). (2013). Manual de Relaciones internacionales: herramientas para la comprensión de la disciplina, RIL, Santiago.;;;;;;;;
Ortega P. Rodolfo. (2011). Crisis Internacionales . ANEPE , Stgo.;;;;;;;;
Gallardo, P. Aquiles. (2005). Crisis Internacionales en Sudamérica: Teoría y Análisis ANEPE/MINDEF , Stgo. ;;;;;;;;
Attina Fulvio. (2001). El sistema Político Global: Introducción a las Relaciones Internacionales, Paidos, Barcelona.;;;;;;;;
Kagan, Donald. (2003). Sobre las causas de la Guerra y la preservación de la Paz. Fondo de cultura Económica, México. ;;;;;;;;
Sheeham , Michael. (1996). The Balance of Power, History and Theory, Routledge, New York. ;;;;;;;;
Esdaile, Charles. (2007). Las Guerras de Napoleón. Una Historia Internacional .Crítica, Barcelona.;;;;;;;;
Tilly, Charles. (2000). Las revoluciones europeas, 1492-1992, Critica, Barcelona, ;;;;;;;;
Cassels, Alan. (1999). Ideology  and International Relations in the Modern World, Editions Routledge, New York.;;;;;;;;
Kissinger , H .(1999). La Diplomacia . Fondo de Cultura Económica, México. ;;;;;;;;
Kennedy , Paul. (1996). Auge y Caída de las grandes potencias: Cambio Económico y Conflicto Militar, de 1500 al 2000, editorial.;;;;;;;;
Renouvin , Pierre. (1990). Historia  de las Relaciones  Internacionales (siglos XIX y XX), ediciones AKAL, Madrid España.;;;;;;;;
Ferguson, Niall. (2011). La guerra del mundo (1905-1953)  Crítica , Debate Barcelona. ;;;;;;;;
Ferguson, Niall. (2012). Civilización , Occidente y el Resto  , Crítica, Barcelona. ;;;;;;;;
Fergusson, Niall. (2008). Coloso. Ascenso y Decadencia del Imperio Norteamericano, Barcelona. ;;;;;;;;
Fergusson , Niall. (2017). La Plaza y la Torre. Redes y Poder. De los Masones a Facebook, Debate, Barcelona.;;;;;;;;
Nolte, Ernst. (2001). La guerra Civil Europea, 1917-1945, Fondo de Cultura Económica, México.;;;;;;;;
Hillgruber, Andreas. (1995). La II Guerra Mundial .  Objetivos y Estrategia de las Grandes Potencias, ALIANZA EDITORIAL.;;;;;;;;
Judt, Tony. (2006). Postguerra . Una Historia de Europa desde 1945 , Taurus.;;;;;;;;
Judt, Tony. (2012). Pensar el Siglo XX, Taurus.;;;;;;;;
Clark , Christopher. (2015). Sonámbulos . Como Europa Fue a la Guerra en 1914. Galaxia Gutemberg.;;;;;;;;
Stevenson  David. (2014). 1914-1918  Historia de la Primera Guerra Mundial . Debate.;;;;;;;;
Freedman, Lawrence. (2016). Estrategia. Una Historia. La esfera  de los libros , Barcelona.;;;;;;;;
Freedman , Lawrence. (2019). La Guerra Futura . Un estudio  sobre el pasado y el presente . Crítica , Barcelona.;;;;;;;;
Feenstra, Robert & Taylor, Alan. (2011). Comercio Internacional, Reverté.;;;;;;;;
Coppelli Ortiz, G. (2018). La globalización económica del siglo XXI. Entre la mundialización y la desglobalización. Estudios internacionales (Santiago), 50(191), 57-80.;;;;;;;;
Narodowski, P. (2017). Las relaciones económicas y políticas entre Estados Unidos de América y China a la luz del concepto de unipolarismo condicionado. Geopolítica(s), 8(2).;;;;;;;;
Vallina-Hernandez, A.M.,  de la Fuente-Mella, H.,  Fuentes-Solís, R. (2020). International trade and innovation: delving in Latin American commerce. Academia. Revista Latinoamericana de Administración. 33(3-4), 535-547.;;;;;;;;
"Vallina-Hernandez, Ana María. (2020) Economía y Tecnología ¿Sustitutos o Complementarios? En  Cavieres, Eduardo y Pérez-Herrero, Pedro. (Eds). IV Coloquio Historia y prospectiva, El siglo XX fue el de la economía; el siglo XXI: ¿la economía, la tecnología o ambas?";;;;;;;;
Vallina-Hernandez, Ana María (2021) Esperanzas quebrantadas y Futuros Inciertos. Editores: Cavieres, Eduardo y Pérez-Herrero, Pedro. V Coloquio Historia y prospectiva, Libertades, igualdades y derechos antes y después de 2020: pasados que regresan y futuros que se esfuman.;;;;;;;;
Mingst, K. A., & Arrguín-Toft, I. M. (2018). Fundamentos de las relaciones internacionales. CIDE. https://play.google.com/books/reader?id=i5SFDwAAQBAJ;;;;;;;;
Stiglitz, Joseph. (2002). El malestar de la Globalización, Punto Contacto, España 2007/ Santillana, España.;;;;;;;;
Las relaciones de poder, las relaciones de conflicto, las relaciones de lo público y privado.  J. Freund.  Editorial Nacional, Madrid, 1968. España. ;;;;;;;;
Freund, J. (1982). La Crisis del Estado. Revista Política. Volumen 1.;;;;;;;;
Weber. M. (1964). Economía y Sociedad: esbozo de sociología comprensiva. Fondo Cultura Económica.;;;;;;;;
Peter Bachrach y M.S, Baratz. (1985). La no decisión, como expresión de poder. Oxford.;;;;;;;;
Bottomore, T. y Nisbet, N. (compiladores). (1988). Historia del análisis sociológico. Buenos Aires. Amorrortu.;;;;;;;;
El Conflicto Social y las Crisis. G. Vidal. Publicación Cedestra. 2011;;;;;;;;
Freund, J. (1982). La Crisis del Estado. Revista Política. Volumen 1.;;;;;;;;
N. Bobbio. (2022). El Futuro de la Democracia. N. Bobbio. Fondo de Cultura económica.;;;;;;;;
El Futuro de la Democracia. G. Vidal. Publicación Cedestra. 2011.;;;;;;;;
"Variables de amenaza, tiempo, anticipación. Valoraciones en los vértices. Apreciaciones. Hermann, Ch.: y publicado en ""International Crisis As A Situational Variable"" en Rosenau, J.N.: ""International Politics And Foreign Policy"", Nueva York, The Free Press, 1969.";;;;;;;;
G. Vidal. Documento de análisis. Publicación Cedestra. 2011. (Basada en “La Estrategia del conflicto” de Thomas Shelling. Editorial Tecnos, 1964. España.);;;;;;;;
Sociológicas, 1986. Madrid. “Chile ante una encrucijada”. G. Vidal. Publicación Cedestra, 2012. ;;;;;;;;
G. Vidal. La Complejidad y la evolución del sistema, Publicación Cedestra. 2020);;;;;;;;
ALLARD, RAÚL (2020), Sistema Internacional en la Post Guerra Fría, 1989-2020.Tendencia a nivel internacional y de América Latina, Santiago, RIL editores-PUCV.;;;;;;;;
ALLARD, Raúl (2017),  Mundo Global, Comercio y Post Guerra Fría. Tendencias en Chile y América Latina,  en Allard  y Wilhelmy, editores, América Latina y Chile en el mundo global, EUV-PUCV, Valparaíso.;;;;;;;;
ANHEIER H.(2009), Reflections on the Concepto of Measurement of Global Civil Society, Voluntas, International Journal of Voluntary and Non Profit Organizations,  Vol.18:1-15.;;;;;;;;
ART, Robert (2015), The political uses of forcé, en Art y Jervis, International Politics.Enduring Concepts and Contemporary Issues, Twelph Edition, PEARSON.;;;;;;;;
BARBÉ, Esther (2008), Relaciones Internacionales, Tecnos, Madrid.;;;;;;;;
CEPAL (2016), Agenda 2030 y Objetivos de Desarrollo Sostenible. Una oportunidad para América latina y el Caribe, Naciones Unidas, Cepal, Santiago.;;;;;;;;
EDWARDS, Michael (2013), OXFORD Hanbook of Civil Society.Oxford, New York.(Introduction, traducción RAN).;;;;;;;;
HOFFMAN, Bruce (2015), What is Terrorism? En Art y Jervis, obra citada.;;;;;;;;
JORDAN, Lisa (2013), Global Civil Society, en Edwards, obra citada.;;;;;;;;
MARTIN-ORTEGA, Olga (2008), Empresas Multinacionales y Derechos Humanos, en Derecho Internacional, Bosch Editor, Barcelona.;;;;;;;;
MORENO PINO, Ismael (2001) La Diplomacia. Aspectos Teóricos y Prácticos en su  ejercicio profesional.;;;;;;;;
NAIM, Moisés (2015), What globalization is and is not, en Art y Jervis, obra citada.;;;;;;;;
NYE, Joseph, WELCH, David (2017), Understanding Global Conflict and Cooperation, Tenth Edition, PEARSON, capítulo 9. The information revolution and transnational actors.;;;;;;;;
OTTONE, Ernesto (2011), Gobernar la Globalización (Prólogo de Manuel Castells y Capítulo 1.);;;;;;;;
SANTO PADRE Francisco (2015), Laudeate si, Encíclica sobre el Cuidado de la Casa Común, PUC, Santiago.;;;;;;;;
WALZER, Michael (1998), The Idea o f Civil Society: a Path to Social Reconstruction, en Dionne, ed., Community Works. He Reconstruction of Civil Society in America. Washington DC, Brookings Institution.;;;;;;;;
WARREN, MARK (2013), Civil Society  and Democracy, Michael Edwards editor, obra citada.;;;;;;;;
WOOLCOCK, Michael (2013), Civil Society and Social Capital en Michael Edwards editor, obra citada.;;;;;;;;
ALLARD, Raúl (2009), La globalización por dentro. El estado-Nación y los actores transnacionales, Catalonia. PUCV, Santiago, (capítulos  II a V;;;;;;;;
ALLARD, Raúl (2011), América Latina en el escenario internacional y transnacional del Siglo XXI: una aproximación global, en Crisóstomo Pizarro, editor, Los desafíos de la globalización, Cuaderno X, Foro Valparaíso, Valparaíso.;;;;;;;;
AXELROD, Robert (2006), The Evolution of Cooperation, en Williams, Goldstein, Shafritz Classic Readings and Contemporary Debates,  Wadsworth, Boston.;;;;;;;;
DURÁN, Juan José (2005), La Empresa Multinacional, Gobernanza y Responsabilidad Social, Promo, Madrid.;;;;;;;;
GOULLIEU, D’Orfeuil (2008), La Diplomacia No Gubernamental ¿Pueden las organizaciones no gubernamentales cambiar el mundo),LOM, Santiago.;;;;;;;;
HILL, Christopher (2003), The changing politics of foreign policy, Palgrave McMillan, London.;;;;;;;;
KEGLEY, Charles, RAYMOND, Gregory (2008). El Desafío Multipolar. La Política de la Grandes Potencias en el Siglo XXI, Almuzara, España (Capítulo 2, ¿Debemos temer un futuro multipolar?);;;;;;;;
ORTIZ, Camila (2017), Ciberdiplomacia: las nuevas tecnologías y su uso como instrumento de diplomacia pública, en Allard  y  Wilhelmy, obra citada.;;;;;;;;
OYARZÚN, Héctor (2020), La alineación de los proyectos triangulares  de la Agencia Chilena de Cooperación para el Desarrollo AGCID en Centroamérica durante el período 2015-2018, Trabajo Final de Graduación, PUCV, Valparaíso.;;;;;;;;
PES, Ángel,  Castiñeira, Ángel (2020), Cambiar el Mundo. Los ODS como herramienta de transformación. Empresas para un desarrollo sostenible, Madrid, LID.;;;;;;;;
ROBERTS, Adam, 2015), Te United Nations and International Security, en Art y Jervis, obra citada.;;;;;;;;
VERNON, Raymond. (1973). Soberanía en  peligro. La difusión multinacional de las empresas de estados Unidos, EFER, México,;;;;;;;;
PERLAS, Nicanor (1999), Sociedad Civil y Desarrollo Humano en la Globalización, Columba, Santiago, Chile.;;;;;;;;
Kissinger , H .(1999). La Diplomacia . Fondo de Cultura Económica, México. ;;;;;;;;
Kissinger, Henry. (2016). El Orden Mundial: reflexiones sobre el carácter de las naciones y el curso de la historia. Penguin Random House. España.;;;;;;;;
Powasky , Ronald. (2011). La Guerra Fría .Estados Unidos y La Unión Soviética  1917-1991;;;;;;;;
Zorgbibe. (1997). Historia de las Relaciones Internacionales  (Vols I y II ).;;;;;;;;
Judt, T. (2006).  Postguerra. Una historia de Europa desde 1945. Cuernavaca, Santillana Ediciones Generales S.A.;;;;;;;;
Veiga , Da Cal y otros Historia de la Guerra Fría  (2 Vols) .;;;;;;;;
Kissinger, H. (1979). Memorias , Tomo I. Atlántida;;;;;;;;
Kissinger, H. (2001).  La Diplomacia. Fondo de Cultura Económica;;;;;;;;
Neustadt y May. (1986). Los Usos de la Historia en la Toma de Decisiones. GEL;;;;;;;;
Allison G. : La Esencia de la Decisión;;;;;;;;
Judt , Tony : Sobre el Olvidado Siglo XX;;;;;;;;
Judt , Tony. (2008). Sobre el Olvidado Siglo XX. Taurus;;;;;;;;
Yahuda ,Michael. (1996). The  International Politics of Asia- Pacific (1945-1995).  Routledge;;;;;;;;
Kissinger : Memorias Vols II y III .  Estudios de Area :  a) Medio Oriente b)  Africa entre la Descolonizaciòn y la Guerra Frïa c ) América Latina : Literatura;;;;;;;;
Grimal H. (1989). Historia de las descolonizaciones del siglo XX.  IEPALA.;;;;;;;;
Molineu, Harold. (1986). US. Policy toward  Latin America . From Regionalism To Globalism. ;;;;;;;;
Davies, H.E.  y Wilson L (edit). (1975). Latin American Foreing Policies.  The Johns Hopkins University.;;;;;;;;
Drekonja G y Tokatlian  J. (1983). Teoría y Práctica de la  Política Exterior Latinoamericana.  CEREC;;;;;;;;
Ben Ami  Shlomo. (1981). Historia del Estado de Israel ;;;;;;;;
Bozarslan Hamit. (2009). Una historia de la violencia en el Oriente Medio: Del fin del Imperio Otomano a al Qaeda. Península;;;;;;;;
Said , Edward. (2002). Orientalismo. Penguin Random House;;;;;;;;
Conze E.  Lappenküper U.  Müller G. (Herausgebers). (2004).   Eine Geschichte der internationalen Beziehungen. Erneuerung und Erweiterung einer historischen Disziplin Taschenbuch ;;;;;;;;
Lozano, Pedro. (1995). Relaciones internacionales: El directorio mundial: de la distensión al tiempo post-soviético (1976-1994) (Vol.2). Universidad de Navarra ;;;;;;;;
Hans D Jacobsen , Machowski Sager (edits ) Perspektiven für Sicherheit und Zusammenarbeit in Europa ;;;;;;;;
Stokes , Charles. The  Walls Cumbling Up.  ;;;;;;;;
Deppe , Dubiel, Rödel : Demokratische Umbruch in Osten ;;;;;;;;
Brsezinsky , Zbigniew. (1988). El Gran Tablero Mundial. Paidos Iberica Ediciones ;;;;;;;;
Hacke , C . Zur Weltmacht verdammt Die amerikanische Aussenpolitik,;;;;;;;;
Insulza, José M. (2014). Estrategias y Procesos de Política Exterior en Estados Unidos. Fondo de Cultura Económica;;;;;;;;
Fischer, Beth. (2010). Foreign Politic under Reagan and Bush. In  Leffler,  M. (Ed.). The Cambridge History of the Cold War. Cambridge. https://doi.org/10.1017/CHOL9780521837217 ;;;;;;;;
Lozano, Pedro. (1995). Relaciones internacionales: El directorio mundial: de la distensión al tiempo post-soviético (1976-1994) (Vol.2). Universidad de Navarra ;;;;;;;;
Brsezinsky, Z: El Gran Tablero Mundial: la supremacía estadounidense y sus imperativos geoestratégicos, ;;;;;;;;
Budge, I  Newton , K. (2001). La Política de la Nueva Europa, del atlántico a los Urales. Akal;;;;;;;;
David , Charles Phillippe. (2008). La Guerra y la Paz . Enfoques Contemporáneos sobre Seguridad y Estrategia.  Icaria ;;;;;;;;
Baylis y Renger (edit). (1992). Dilemmas of World Politics, International Issues in a Changing World. Oxford Clarendon Press;;;;;;;;
Held, D. Mc Grew A. (2003). Globalización y antiglobalización, sobre la reconstrucción del orden mundial.  Paidós Estado y Sociedad.;;;;;;;;
Hardt, Michael y Antonio Negri   Hopf , Ted (edit). (2008). Russia´s European Choice. ( disponible en Internet ) Palgrave Macmillan.;;;;;;;;
Poch de Feliú R. (2003). La Gran Transición . Rusia 1985-2002. Crítica. Barcelona. ;;;;;;;;
Bergman , Rodriguez , I Shouguo, Y (eds). (2014).  La Diplomacia Pública de China en América Latina. RIL EDITORES;;;;;;;;
Artaza, M y Milet P. (eds). (2007). Nuestros vecinos.  RIL;;;;;;;;
Artaza M y Ross C. (2012). La política Exterior de Chile, 1990-2009, Del aislamiento a la Integración Global. RIL;;;;;;;;
Czempiel Otto Weltpolitik im Umbruch. (2002). Die Pax Americana, der Terrorismus und die Zukunft der internationalen Beziehungen. Verlag;;;;;;;;
Czempiel  Otto  Kluge Macht. (1999). Außenpolitik für das 21. Jahrhundert. München.;;;;;;;;
Vargas, Edmundo. (2017).  Derecho Internacional Público, 2ª ed. Editorial El Jurista. ;;;;;;;;
Pastor Ridruejo, José. (2020). Curso de Derecho Internacional Público y Organizaciones Internacionales, 24ª ed. Tecnos, Madrid.;;;;;;;;
Remiro Brotóns, Antonio y otros. (2010).  Derecho Internacional: Curso General. Tirant Lo Blanch, Valencia.;;;;;;;;
Sáenz de Santa María, Paz. (2010). Sistema de Derecho Internacional Público (Thomson Reuters (Civitas), Navarra.;;;;;;;;
Diez de Velasco, Manuel. (2009). Instituciones de Derecho Internacional Público (17ª ed., Tecnos, Madrid. ;;;;;;;;
Crawford, James. (2012). Brownlie’s principles of public international law. octava edición, Oxford, Oxford University Press.;;;;;;;;
Evans, Malcolm (ed.). (2014). International Law Oxford, Oxford University Press, cuarta edición.;;;;;;;;
Shaw, Malcolm. (2021). International Law (novena edición, Cambridge, Cambridge University Press, 2021).;;;;;;;;
Thauby García, Fernando.  Estrategia de Seguridad Nacional, Política de Defensa, Política Militar.  Fasoc, Año 16, N°1, Enero-Marzo 2001.;;;;;;;;
Seguridad y Defensa para las necesidades del mañana. En Política Exterior V2 N.º 118. Junio-Agosto 2007.pp 143-152.;;;;;;;;
Ministerio de Defensa Nacional. (2017). Libro de la Defensa Nacional de Chile.;;;;;;;;
Ministerio de Defensa Naciona. (2020). Política de Defensa de Chile.;;;;;;;;
Carlos Molina Jhonson. A propósito de la Seguridad Ampliada.  Investigador asociado del Centro de Estudios Estratégicos de la ANEPE.;;;;;;;;
Evolución del concepto de Seguridad. Documento Marco 05/11.Ministerio de Defensa de España.;;;;;;;;
Luis Hernán Catalán Cruz. (2005).  La dinámica del conflicto en las relaciones internacionales contemporáneas. Revista de Marina 2.;;;;;;;;
María Susana Duran Sáez. Algunos conceptos sobre el conflicto y las relaciones internacionales. ;;;;;;;;
Ministerio de Defensa Nacional. (2017). Libro de la Defensa Nacional de Chile.;;;;;;;;
Ministerio de Defensa Naciona. (2020). Política de Defensa de Chile.;;;;;;;;
Thauby García , Fernando. (2005). Política de Defensa-Política Pública: propuesta para un debate informado. Viña del Mar: Ediciones Altazar.;;;;;;;;
Política integral de Seguridad y Defensa para la prosperidad. Ministerio de Defensa de Colombia.;;;;;;;;
Ministerio de Defensa Nacional. (2017). Libro de la Defensa Nacional de Chile.;;;;;;;;
Ministerio de Defensa Naciona. (2020). Política de Defensa de Chile.;;;;;;;;
Alexander Tavra Checura. (2008). Fuerzas Armadas y desafíos del futuro. . PUC de Chile. Instituto de Ciencias Políticas. ;;;;;;;;
Ministerio de Defensa Nacional. (2010). Libro de la Defensa Nacional de Chile.  Capítulo II, III y IV.;;;;;;;;
Ministerio de Defensa Nacional. (2010). Libro de la Defensa Nacional de Chile. Tercera Parte;;;;;;;;
Centro de Estudios Hemisféricos para la Defensa HDS. Políticas de Defensa y elaboración de Libros Blancos:  Experiencias latinoamericanas.;;;;;;;;
Thauby García, Fernando.  Política de Defensa – Política Pública: Propuesta para un debate informado, Viña del Mar.  Ediciones Altazor, 2005.;;;;;;;;
Estudio comparado del Libro Blanco de la Defensa del Perú y el Libro de la Defensa de Chile. En Revista de Marina.V.124 n897.Marzo-Abril 2007.pp 109-115.;;;;;;;;
Hebe Gazzotti. Medidas de Confianza Mutua. La experiencia del Cono Sur. ;;;;;;;;
Augusto Varas/Isacc Caro. Medidas de Confianza Mutua.  Editores.;;;;;;;;
Julio Alberto Ferrero. La piratería y el terrorismo marítimo. ;;;;;;;;
Nuevas Amenazas y su impacto en la Seguridad Interna. El caso chileno. Perspectiva comparada. PUC de Chile. Instituto de Ciencias Políticas.;;;;;;;;
Armada de Chile. (2009). El Poder Marítimo Nacional. Capítulo 6. Armada de Chile.;;;;;;;;
PUIG M. Mario, “Planicación y diseño de la fuerza militar por capacidades: la importancia de una correcta comprensión y aplicación” –Centro de Estudios Estratégicos – ANEPE.CL cuaderno de trabajo Nro 17- Chile 2015.;;;;;;;;
Benítez Manaut, Raúl. (2007). “Defensa y Seguridad hemisférica en el siglo XXI: el desafío de la cooperación multinacional”. En: Rafael Martínez y Joseph S. Tulchin (eds.) La seguridad desde las dos orillas. Barcelona: Fundación CIDOB.;;;;;;;;
European Union. European Union Global Strategy. (2016). “A global strategy for the European Union’s Foreign and Security Policy”.;;;;;;;;
Jordán, Javier, coord. (2013). Manual de Estudios Estratégicos y Seguridad Internacional. Madrid: Editorial Plaza y Valdés.;;;;;;;;
Powel, Colin L. “Estrategia de Asociaciones”, en Foreign Affairs, vol. 4, Nº 2 (2004).;;;;;;;;
GERRING, John. (2012). Social Science Methodology. A Unified Framework. Cambridge University Press. Cambridge.;;;;;;;;
"HUDSON, Valerie; DAY, Benjamin. (2020). Foreign Policy Analysis. Third Edition. Rowman & Litterfield. Lanham.";;;;;;;;
KELLISON, Rosemary. Expanding responsibility for the just war. Cambridge University Press. Cambridge, 2017. ;;;;;;;;
KURKI, Milja. (2008). Causation in International Relations. Cambridge University Press. New York.;;;;;;;;
LIJPHART, Arend. (2008). Política comparada y método comparado. PC. Revista Latinoamericana de Política Comparada. Número 1.;;;;;;;;
SKINNER, Quentin. (2000). Significado y comprensión en la historia de las ideas. Prismas. Revista de historia intelectual. Número 4.;;;;;;;;
YIN, Robert. (2008). Case Study Research: design and methods. SAGE Publishing, New York. ;;;;;;;;
BACHLEITNER, Kathrin. (2001). Collective Memory in International Relations. Oxford University Press. Oxford.;;;;;;;;
BERNAL, César. (2010). Metodología de la Investigación: administración, economía, humanidades y ciencias sociales. Pearson. Bogotá.;;;;;;;;
CALDUCH, Rafael. Métodos y técnicas de investigación en relaciones internacionales. ;;;;;;;;
CURINI, Luigi, FRANZESE, Robert. (2020). The SAGE handbook of research methods in political science and internacional relations. SAGE Publications. London.;;;;;;;;
DEVIN, Guillaume (ed.). (2018). Resources and applied methods in International Relations. Palgrave Macmillan. Cham.;;;;;;;;
HERNÁNDEZ, Roberto. (2006). Metodología de la Investigación. McGraw-Hill. Ciudad de México.;;;;;;;;
HEIDEGGER, Martin. (2012).  Die Frage nach der Technik en Die Technik und die Kehre. Klett-Cotta. Stuttgart.;;;;;;;;
Raúl Allard y Manfred Wilhelmy, (eds). (2017). América Latina y Chile en el Mundo Global - Algunas Tendencias en el Siglo XXI.;;;;;;;;
Artaza M y Ross C. (2012). La política Exterior de Chile, 1990-2009, Del aislamiento a la Integración Global. RIL.;;;;;;;;
Joaquín Fermandois, Mundo y Fin de Mundo – Chile en la Política Mundial 1900 – 2004, 2005.;;;;;;;;
Ministerio de Relaciones Exteriores. (2018).  Política Exterior 2030.;;;;;;;;
Juan Somavía y Pedro Oyarce (editores). (2018). Chile, Actor del sistema Multilateral. Una Tradición Nacional.;;;;;;;;
150 Años de Política Exterior de Chile 1871-2021. (2022).  Consejo Chileno para las Relaciones Internacionales. Ediciones UC.;;;;;;;;
Mario Correa Saavedra. (2022). Misión y Tributo. Consejo Chileno para las Relaciones Internacionales.;;;;;;;;
Cristóbal Bywaters, Daniela Sepúlveda, Andrés Villar (eds). (2021). Nuevas voces de Política Exterior. Chile y el Mundo en la era post-consensual.;;;;;;;;
Carlos Bustos D. (2018). Diplomacia Chilena, Una Perspectiva Histórica.;;;;;;;;
Mario Barros. (1970).  Historia Diplomática de Chile, 1541 – 1938.;;;;;;;;
Enrique Bernstein, Recuerdos de un Diplomático, (4 vols., 1984, 1986, 1987, 1989);;;;;;;;
Edgard Eckholt. (2012). Chile y Perú 1974-2009, Realismo en la Frontera.;;;;;;;;
Joaquín Fermandois. (1985). Chile y el Mundo 1970 -1973, La Política Exterior del Gobierno de la Unidad Popular y el Sistema Internacional.;;;;;;;;
José Javier Gorostegui, y Rodrigo Waghorn. (2012). Chile en la Antártica – Nuevos Desafíos y Perspectivas.;;;;;;;;
Heraldo Muñoz. (1980). Las Relaciones Exteriores del Gobierno Militar Chileno.;;;;;;;;
Juan Salazar S. (1999). Chile y la Comunidad del Pacífico, 2ª edición.;;;;;;;;
Eduardo Rodríguez G. (2006). Chile, País Puente.;;;;;;;;
Instituto de Relaciones Internacionales UVM – Chile (edit.). (2004). Negociaciones Económicas y Acuerdos de Libre Comercio. La Experiencia Chilena.;;;;;;;;
Pilar Armanet, Pilar Álamos y Luz O’Shea. (1996). Las Relaciones de Chile con los Organismos Multilaterales de la Cuenca del Pacífico.;;;;;;;;
Jaime Lagos E. (2008). Al Servicio de Chile - Crónicas de un Diplomático. Facultad de Derecho Universidad Finis Terrae.;;;;;;;;
Ricardo Lagos W. y Juan Araya, (Eds.). (2016).  Chile – 20 Años de Negociaciones comerciales.;;;;;;;;
Eduardo Rodríguez G. (2004). Chile - Argentina, Más Allá de sus Fronteras – Crónicas de un Diplomático.;;;;;;;;
Angel Soto y otros. (2012). Las Relaciones Chileno – Brasileñas de la Amistad sin Límites al Pragmatismo del Gigante.;;;;;;;;
Ministerio de Relaciones Exteriores – DIRECON. (2009).  Chile: 20 Años de Negociaciones Comerciales.;;;;;;;;
Heraldo Muñoz y Carlos Portales. (1987). Una Amistad Esquiva: Las Relaciones entre Estados Unidos y Chile.;;;;;;;;
Cristián Toloza (eds). (2009). La Ruta Chilena Hacia el Sol Naciente.;;;;;;;;
Cristián Toloza (editor). (2010). De Los Andes a la Gran Muralla – 40 Años de Relaciones entre Chile y China.;;;;;;;;
Manfred Wilhelmy. (1976).  “Chilean Foreign Policy: The Frei Government, 1964 – 1970”, Tesis Doctoral, version revisada.;;;;;;;;
Luis Winter. (2013). La Defensa de Chile en la Haya.;;;;;;;;
Álvaro Bellolio y Hernán Felipe Errázuriz. (2014). Migraciones en Chile, Oportunidad Ignorada.;;;;;;;;
Jaime García y otros,. (2011). Generación de Diálogo Chile-Perú, Perú-Chile.;;;;;;;;
